timestamp,equity,bh_equity,cash,coin,close
2026-03-03 00:00:00+00:00,1000763.3320181565,1002026.664036313,499750.0,5771.7475353644595,86.804443359375
2026-03-03 01:00:00+00:00,998185.0422999625,996870.084599925,499750.0,5771.7475353644595,86.35773468017578
2026-03-03 02:00:00+00:00,997150.0511794707,994715.1027511269,489845.348837344,5887.182485364459,86.17105102539062
2026-03-03 03:00:00+00:00,998059.8623399287,996499.0462032194,489845.348837344,5887.182485364459,86.32559204101562
2026-03-03 04:00:00+00:00,995014.4473462217,990527.644254057,489845.348837344,5887.182485364459,85.80829620361328
2026-03-03 05:00:00+00:00,993385.4691714176,987092.1263767524,499939.4130334375,5770.5780083644595,85.51068115234375
2026-03-03 06:00:00+00:00,995096.2056753457,990508.7973001298,490034.91359868756,5886.03811636446,85.8066635131836
2026-03-03 07:00:00+00:00,993793.3664890057,987953.713994832,490034.91359868756,5886.03811636446,85.58531951904297
2026-03-03 08:00:00+00:00,984737.8025335444,970390.6427515848,480130.2670065557,6002.66979336446,84.06385040283203
2026-03-03 09:00:00+00:00,986100.98818013,973012.1307450184,480130.2670065557,6002.66979336446,84.29094696044922
2026-03-03 10:00:00+00:00,983413.768046237,967895.2708236823,470225.45850377897,6120.48317636446,83.8476791381836
2026-03-03 11:00:00+00:00,985662.5805255654,972136.6280861887,470225.45850377897,6120.48317636446,84.21510314941406
2026-03-03 12:00:00+00:00,986846.1374974838,974272.9391208161,480320.37280142907,6001.47805936446,84.4001693725586
2026-03-03 13:00:00+00:00,981024.0597630236,963214.9732884059,470415.5760727264,6119.30532436446,83.44223022460938
2026-03-03 14:00:00+00:00,980944.6610258571,963017.2564119275,460511.793055156,6238.32460536446,83.42510223388672
2026-03-03 15:00:00+00:00,989809.0191283468,979639.0367973564,480801.0300084627,5997.85328336446,84.86502838134766
2026-03-03 16:00:00+00:00,994470.2520363266,988416.5212045845,501089.12435129046,5762.08763536446,85.62541198730469
2026-03-03 17:00:00+00:00,992082.7481240663,983654.2306127374,481380.9396523649,5993.24805936446,85.21286010742188
2026-03-03 18:00:00+00:00,993119.4011589088,985606.5636718798,491474.9700625298,5875.295712364459,85.38198852539062
2026-03-03 19:00:00+00:00,991563.0789304138,982548.7775020212,491474.9700625298,5875.295712364459,85.11709594726562
2026-03-03 20:00:00+00:00,989836.2874209578,979156.0615855044,491474.9700625298,5875.295712364459,84.82318878173828
2026-03-03 21:00:00+00:00,991677.7820467942,982698.936644291,481570.4641332942,5992.090853364459,85.1301040649414
2026-03-03 22:00:00+00:00,998584.4704851466,996146.6786206848,501858.8046853457,5756.1304953644585,86.2950668334961
2026-03-03 23:00:00+00:00,1002838.0855750161,1004621.9952759317,511953.23433634033,5640.456696364458,87.0292739868164
2026-03-04 00:00:00+00:00,1001054.8214009732,1000917.3358509575,502049.0750701997,5754.991113364458,86.70834350585938
2026-03-04 01:00:00+00:00,1004671.6142150688,1008193.4049752435,512143.5277251366,5639.290547364458,87.33866119384766
2026-03-04 02:00:00+00:00,1003197.2980439067,1005175.5144601932,512143.5277251366,5639.290547364458,87.07722473144531
2026-03-04 03:00:00+00:00,994891.4576132072,988360.0684126813,492434.9730574291,5868.411865364457,85.62052154541016
2026-03-04 04:00:00+00:00,993935.3871559547,986479.4242343645,492434.9730574291,5868.411865364457,85.45760345458984
2026-03-04 05:00:00+00:00,995839.9615298923,990225.8287815885,492434.9730574291,5868.411865364457,85.78215026855469
2026-03-04 06:00:00+00:00,994349.35303812,987293.71832787,492434.9730574291,5868.411865364457,85.52814483642578
2026-03-04 07:00:00+00:00,1004886.897866685,1008283.76467024,512724.098573932,5634.603121364457,87.34648895263672
2026-03-04 08:00:00+00:00,1016557.7169990314,1032637.5519392106,533013.0893135772,5405.376761364457,89.45623016357422
2026-03-04 09:00:00+00:00,1021917.9362320626,1044084.6104933498,533013.0893135772,5405.376761364457,90.4478759765625
2026-03-04 10:00:00+00:00,1019856.8146717276,1039682.9660525847,533013.0893135772,5405.376761364457,90.06656646728516
2026-03-04 11:00:00+00:00,1018239.6802803748,1036229.4819201347,533013.0893135772,5405.376761364457,89.76739501953125
2026-03-04 12:00:00+00:00,1015602.810543729,1030598.2939103201,533013.0893135772,5405.376761364457,89.27957153320312
2026-03-04 13:00:00+00:00,1019487.8838512078,1038895.0929225284,533013.0893135772,5405.376761364457,89.9983139038086
2026-03-04 14:00:00+00:00,1021158.7123995377,1042463.2440363482,533013.0893135772,5405.376761364457,90.30741882324219
2026-03-04 15:00:00+00:00,1033345.7189227567,1068489.3021518993,533013.0893135772,5405.376761364457,92.56202697753906
2026-03-04 16:00:00+00:00,1028841.0595826948,1058869.3412901533,533013.0893135772,5405.376761364457,91.7286605834961
2026-03-04 17:00:00+00:00,1028413.5270747216,1057956.3208632257,533013.0893135772,5405.376761364457,91.64956665039062
2026-03-04 18:00:00+00:00,1031820.4666986428,1065232.037707999,533013.0893135772,5405.376761364457,92.27985382080078
2026-03-04 19:00:00+00:00,1038131.0147745153,1078708.5785345524,533013.0893135772,5405.376761364457,93.44731140136719
2026-03-04 20:00:00+00:00,1036136.0417762317,1074448.1981783626,533013.0893135772,5405.376761364457,93.07823944091797
2026-03-04 21:00:00+00:00,1032151.0033101414,1065937.9177814845,533013.0893135772,5405.376761364457,92.34100341796875
2026-03-04 22:00:00+00:00,1026539.4277892644,1053954.073319935,533013.0893135772,5405.376761364457,91.3028564453125
2026-03-04 23:00:00+00:00,1024000.9973404098,1048533.1081092983,533013.0893135772,5405.376761364457,90.83324432373047
2026-03-05 00:00:00+00:00,1024297.8872866735,1049476.7768538268,553300.7265713818,5180.632409364457,90.91499328613281
2026-03-05 01:00:00+00:00,1018908.0485834952,1037467.1279179752,553300.7265713818,5180.632409364457,89.8746109008789
2026-03-05 02:00:00+00:00,1020432.9265006192,1040864.8638175473,553300.7265713818,5180.632409364457,90.16895294189453
2026-03-05 03:00:00+00:00,1019759.5045633111,1039329.7177712684,543396.0411680139,5290.813105364457,90.03596496582031
2026-03-05 04:00:00+00:00,1021944.9843236768,1044097.9971148308,543396.0411680139,5290.813105364457,90.44903564453125
2026-03-05 05:00:00+00:00,1020492.9089770026,1040929.8593876325,543396.0411680139,5290.813105364457,90.1745834350586
2026-03-05 06:00:00+00:00,1024236.1818538404,1049096.931469305,543396.0411680139,5290.813105364457,90.88208770751953
2026-03-05 07:00:00+00:00,1019686.442645276,1039170.3112917914,543396.0411680139,5290.813105364457,90.02215576171875
2026-03-05 08:00:00+00:00,1022972.8565230404,1046340.6084924022,543396.0411680139,5290.813105364457,90.643310546875
2026-03-05 09:00:00+00:00,1025947.2113739068,1052956.7700196044,553490.0455787451,5179.516500364458,91.21646118164062
2026-03-05 10:00:00+00:00,1033807.1534125071,1070825.5318099593,573778.55170141,4959.106538364458,92.76441192626953
2026-03-05 11:00:00+00:00,1029226.3966771795,1060162.7355208716,573778.55170141,4959.106538364458,91.84070587158203
2026-03-05 12:00:00+00:00,1030272.472631267,1062502.7521836925,563874.0882473213,5067.156240364458,92.04341888427734
2026-03-05 13:00:00+00:00,1024709.524838532,1049781.058282884,553969.5532629254,5176.302714364459,90.94135284423828
2026-03-05 14:00:00+00:00,1024340.8664993093,1048958.9259702219,553969.5532629254,5176.302714364459,90.87013244628906
2026-03-05 15:00:00+00:00,1016917.8952901801,1032501.2197678125,544064.9342107465,5286.556297364458,89.44441986083984
2026-03-05 16:00:00+00:00,1014306.079861181,1026794.379732655,534160.2182710782,5397.927273364458,88.95004272460938
2026-03-05 17:00:00+00:00,1010229.3829252194,1018076.3424931878,534160.2182710782,5397.927273364458,88.19480895996094
2026-03-05 18:00:00+00:00,1013231.7411101109,1024496.9008209874,534160.2182710782,5397.927273364458,88.75101470947266
2026-03-05 19:00:00+00:00,1013537.4830845788,1025150.7315964779,534160.2182710782,5397.927273364458,88.80765533447266
2026-03-05 20:00:00+00:00,1015806.0852404973,1030002.1489050272,534160.2182710782,5397.927273364458,89.2279281616211
2026-03-05 21:00:00+00:00,1014997.0468395783,1028272.0161484928,534160.2182710782,5397.927273364458,89.07804870605469
2026-03-05 22:00:00+00:00,1016105.1143995237,1030641.6242903769,534160.2182710782,5397.927273364458,89.2833251953125
2026-03-05 23:00:00+00:00,1013087.5597183259,1024188.5681775347,534160.2182710782,5397.927273364458,88.72430419921875
2026-03-06 00:00:00+00:00,1013549.055484205,1025175.479232242,534160.2182710782,5397.927273364458,88.80979919433594
2026-03-06 01:00:00+00:00,1015357.8503738339,1029043.5963510888,534160.2182710782,5397.927273364458,89.14488983154297
2026-03-06 02:00:00+00:00,1010976.0292071569,1019673.0493843035,534160.2182710782,5397.927273364458,88.3331298828125
2026-03-06 03:00:00+00:00,1011131.5359010673,1020005.6012442512,534160.2182710782,5397.927273364458,88.3619384765625
2026-03-06 04:00:00+00:00,1009479.9374085893,1016470.8286142556,524255.39214898617,5510.425866364459,88.05572509765625
2026-03-06 05:00:00+00:00,1008721.6820914678,1014882.4002916875,524255.39214898617,5510.425866364459,87.91812133789062
2026-03-06 06:00:00+00:00,1009888.4518750159,1017326.6036203766,524255.39214898617,5510.425866364459,88.1298599243164
2026-03-06 07:00:00+00:00,1013124.9526142752,1024106.575120964,524255.39214898617,5510.425866364459,88.71720123291016
2026-03-06 08:00:00+00:00,1010860.2345128104,1019362.3388541404,524255.39214898617,5510.425866364459,88.30621337890625
2026-03-06 09:00:00+00:00,1006458.3093088181,1010140.9822609652,524255.39214898617,5510.425866364459,87.50737762451172
2026-03-06 10:00:00+00:00,1007878.5876065734,1013116.2469549839,524255.39214898617,5510.425866364459,87.76512145996094
2026-03-06 11:00:00+00:00,1004693.2089822851,1006443.3684262441,524255.39214898617,5510.425866364459,87.18705749511719
2026-03-06 12:00:00+00:00,1001252.0936595022,999234.7608286318,524255.39214898617,5510.425866364459,86.56258392333984
2026-03-06 13:00:00+00:00,997295.1326535812,990945.5358259457,524255.39214898617,5510.425866364459,85.84449768066406
2026-03-06 14:00:00+00:00,988933.6819296766,973429.5819675163,524255.39214898617,5510.425866364459,84.32711029052734
2026-03-06 15:00:00+00:00,990649.0054600532,977022.9210664909,524255.39214898617,5510.425866364459,84.63839721679688
2026-03-06 16:00:00+00:00,988739.7458142473,973023.3156195452,524255.39214898617,5510.425866364459,84.29191589355469
2026-03-06 17:00:00+00:00,988495.3182020416,972511.2773478989,524255.39214898617,5510.425866364459,84.24755859375
2026-03-06 18:00:00+00:00,994560.5779541263,985649.9821218147,485237.02929930715,5964.971318364457,85.38574981689453
2026-03-06 19:00:00+00:00,993668.180954779,983915.7100810066,495331.42312228476,5846.586093364457,85.23551177978516
2026-03-06 20:00:00+00:00,992555.6649044051,981719.159249715,495331.42312228476,5846.586093364457,85.04522705078125
2026-03-06 21:00:00+00:00,990445.5822387969,977553.0136631608,495331.42312228476,5846.586093364457,84.68431854248047
2026-03-06 22:00:00+00:00,992302.6601717272,981219.6269007681,495331.42312228476,5846.586093364457,85.001953125
2026-03-06 23:00:00+00:00,990341.6058580014,977347.7227771604,495331.42312228476,5846.586093364457,84.66653442382812
2026-03-07 00:00:00+00:00,990910.688082879,978471.3182827783,495331.42312228476,5846.586093364457,84.76387023925781
2026-03-07 01:00:00+00:00,990875.092565129,978401.0385200033,495331.42312228476,5846.586093364457,84.75778198242188
2026-03-07 02:00:00+00:00,989630.6221947898,975931.9994856719,485427.2823603016,5963.805645364457,84.54389190673828
2026-03-07 03:00:00+00:00,989108.6891003228,974921.7499132511,485427.2823603016,5963.805645364457,84.45637512207031
2026-03-07 04:00:00+00:00,988481.9234847459,973708.5873415403,485427.2823603016,5963.805645364457,84.35128021240234
2026-03-07 05:00:00+00:00,988754.6518404458,974236.478191256,485427.2823603016,5963.805645364457,84.39701080322266
2026-03-07 06:00:00+00:00,986683.9365471678,970228.4180360065,485427.2823603016,5963.805645364457,84.04979705810547
2026-03-07 07:00:00+00:00,988433.1017420588,973614.0883622702,485427.2823603016,5963.805645364457,84.34309387207031
2026-03-07 08:00:00+00:00,988683.4894867064,974098.7369018074,485427.2823603016,5963.805645364457,84.38507843017578
2026-03-07 09:00:00+00:00,990050.4982819436,976744.7083213705,485427.2823603016,5963.805645364457,84.61429595947266
2026-03-07 10:00:00+00:00,989425.6891760922,975535.3327544207,485427.2823603016,5963.805645364457,84.50952911376953
2026-03-07 11:00:00+00:00,990769.583856432,978136.5646758764,485427.2823603016,5963.805645364457,84.73487091064453
2026-03-07 12:00:00+00:00,988390.2405290009,973531.1265370395,485427.2823603016,5963.805645364457,84.33590698242188
2026-03-07 13:00:00+00:00,988124.8832099414,973017.5030075863,485427.2823603016,5963.805645364457,84.29141235351562
2026-03-07 14:00:00+00:00,987923.5447091118,972627.7937967101,485427.2823603016,5963.805645364457,84.25765228271484
2026-03-07 15:00:00+00:00,985035.4066253662,967007.9668011788,475522.98398275,6082.218907364457,83.77081298828125
2026-03-07 16:00:00+00:00,983902.0439346812,964856.948096898,475522.98398275,6082.218907364457,83.58447265625
2026-03-07 17:00:00+00:00,985594.3385615479,968068.7684836657,475522.98398275,6082.218907364457,83.86270904541016
2026-03-07 18:00:00+00:00,982798.1011566187,962761.7656953733,475522.98398275,6082.218907364457,83.40296936035156
2026-03-07 19:00:00+00:00,977391.4071108173,952564.330642505,465618.5127637809,6201.836131364456,82.51957702636719
2026-03-07 20:00:00+00:00,980596.7048342889,958530.3603290995,465618.5127637809,6201.836131364456,83.03640747070312
2026-03-07 21:00:00+00:00,981546.0581678743,960297.3943645846,465618.5127637809,6201.836131364456,83.18948364257812
2026-03-07 22:00:00+00:00,980285.032664815,957950.2440416324,465618.5127637809,6201.836131364456,82.98615264892578
2026-03-07 23:00:00+00:00,981434.2971743571,960089.373312361,465618.5127637809,6201.836131364456,83.17146301269531
2026-03-08 00:00:00+00:00,980715.5632660058,958751.5918630478,465618.5127637809,6201.836131364456,83.05557250976562
2026-03-08 01:00:00+00:00,980660.9129918686,958649.8711537683,465618.5127637809,6201.836131364456,83.04676055908203
2026-03-08 02:00:00+00:00,976749.3728512768,951369.3104656959,465618.5127637809,6201.836131364456,82.41605377197266
2026-03-08 03:00:00+00:00,976773.882671193,951414.930662585,465618.5127637809,6201.836131364456,82.42000579833984
2026-03-08 04:00:00+00:00,974037.9148777367,946322.4660975004,465618.5127637809,6201.836131364456,81.97885131835938
2026-03-08 05:00:00+00:00,977586.1134987611,952926.7381911504,465618.5127637809,6201.836131364456,82.55097198486328
2026-03-08 06:00:00+00:00,976996.31638437,951828.9471598344,465618.5127637809,6201.836131364456,82.45587158203125
2026-03-08 07:00:00+00:00,979740.9903686844,956937.6165825012,465618.5127637809,6201.836131364456,82.89842987060547
2026-03-08 08:00:00+00:00,980742.1550011272,958801.087134576,465618.5127637809,6201.836131364456,83.05986022949219
2026-03-08 09:00:00+00:00,981731.7744674319,960643.0686363789,465618.5127637809,6201.836131364456,83.21942901611328
2026-03-08 10:00:00+00:00,984852.3649692037,966493.7267825784,475712.54486497986,6081.0048123644565,83.72626495361328
2026-03-08 11:00:00+00:00,979651.6008207873,956621.1815102575,475712.54486497986,6081.0048123644565,82.87101745605469
2026-03-08 12:00:00+00:00,976392.8308526934,950534.4960905781,465808.0976527281,6200.650660364457,82.34373474121094
2026-03-08 13:00:00+00:00,975063.0182166316,948019.484579845,455903.46212522575,6321.511186364457,82.12586212158203
2026-03-08 14:00:00+00:00,976191.1980694715,950079.6151698603,455903.46212522575,6321.511186364457,82.30432891845703
2026-03-08 15:00:00+00:00,974738.7243841036,947427.3027190694,455903.46212522575,6321.511186364457,82.0745620727539
2026-03-08 16:00:00+00:00,971094.4218003018,940772.5665852313,455903.46212522575,6321.511186364457,81.4980697631836
2026-03-08 17:00:00+00:00,971695.4553727235,941870.0934069128,455903.46212522575,6321.511186364457,81.59314727783203
2026-03-08 18:00:00+00:00,971754.6327273506,941978.1551474201,455903.46212522575,6321.511186364457,81.60250854492188
2026-03-08 19:00:00+00:00,976747.2819316143,951095.0608650928,455903.46212522575,6321.511186364457,82.39229583740234
2026-03-08 20:00:00+00:00,977027.4797586047,951551.7031833738,465997.30166553333,6199.425971364457,82.43185424804688
2026-03-08 21:00:00+00:00,975572.9284669682,948843.2902201923,465997.30166553333,6199.425971364457,82.19722747802734
2026-03-08 22:00:00+00:00,974041.1031774641,945802.7657464539,446288.46773671504,6441.205467364456,81.93383026123047
2026-03-08 23:00:00+00:00,972232.3913441678,942521.634365571,456383.34372669854,6317.8400593644565,81.64958953857422
2026-03-09 00:00:00+00:00,976862.7495403998,950923.5888123072,466477.23153090215,6195.695196364456,82.37744140625
2026-03-09 01:00:00+00:00,976281.1468052918,949839.9770313757,466477.23153090215,6195.695196364456,82.2835693359375
2026-03-09 02:00:00+00:00,979466.862026756,955574.9994275458,456572.6687715257,6316.643430364456,82.78038787841797
2026-03-09 03:00:00+00:00,981564.5184653552,959447.4319704226,476860.6258717091,6072.294012364457,83.11585235595703
2026-03-09 04:00:00+00:00,982702.0543782855,961609.8997588647,476860.6258717091,6072.294012364457,83.30318450927734
2026-03-09 05:00:00+00:00,988159.2512800831,971968.7668984078,486955.0011662156,5952.504841364456,84.2005615234375
2026-03-09 06:00:00+00:00,982084.1768853422,960260.1408061212,477050.8699891024,6071.114733364457,83.1862564086914
2026-03-09 07:00:00+00:00,982044.2036491446,960184.1365012656,477050.8699891024,6071.114733364457,83.17967224121094
2026-03-09 08:00:00+00:00,985378.3791546056,966523.6705411541,477050.8699891024,6071.114733364457,83.7288589477539
2026-03-09 09:00:00+00:00,987283.7262734033,970098.7791753489,487145.26903275837,5951.296857364457,84.03856658935547
2026-03-09 10:00:00+00:00,985280.739292463,966213.6645700164,487145.26903275837,5951.296857364457,83.7020034790039
2026-03-09 11:00:00+00:00,985351.0529629367,966297.683233785,477241.1618135382,6069.934892364457,83.70928192138672
2026-03-09 12:00:00+00:00,987232.3474809681,969875.4339643246,477241.1618135382,6069.934892364457,84.01921844482422
2026-03-09 13:00:00+00:00,994815.9713793261,984594.640771774,497529.4305690759,5830.241700364456,85.29432678222656
2026-03-09 14:00:00+00:00,995066.2226901038,985090.1219063253,497529.4305690759,5830.241700364456,85.33724975585938
2026-03-09 15:00:00+00:00,994293.8508876965,983560.8765418833,497529.4305690759,5830.241700364456,85.20477294921875
2026-03-09 16:00:00+00:00,994337.7093648431,983647.7134417532,497529.4305690759,5830.241700364456,85.21229553222656
2026-03-09 17:00:00+00:00,994689.244400228,984343.7296888843,497529.4305690759,5830.241700364456,85.27259063720703
2026-03-09 18:00:00+00:00,994241.3185737917,983456.8660157715,497529.4305690759,5830.241700364456,85.19576263427734
2026-03-09 19:00:00+00:00,999146.0813818579,993025.0417891572,517818.9281911031,5595.224074364455,86.02464294433594
2026-03-09 20:00:00+00:00,997208.7230296748,989096.6848736461,507914.20874443214,5710.431447364455,85.68433380126953
2026-03-09 21:00:00+00:00,999163.8417555044,993048.9087261397,507914.20874443214,5710.431447364455,86.0267105102539
2026-03-09 22:00:00+00:00,997238.3486811046,989156.5723907978,507914.20874443214,5710.431447364455,85.68952178955078
2026-03-09 23:00:00+00:00,992909.340264543,980447.3421391469,498009.3402997494,5826.805239364456,84.93505096435547
2026-03-10 00:00:00+00:00,996757.0090807468,988069.9662340087,498009.3402997494,5826.805239364456,85.59539031982422
2026-03-10 01:00:00+00:00,998188.8600478084,990906.6089397972,498009.3402997494,5826.805239364456,85.84112548828125
2026-03-10 02:00:00+00:00,1002196.8606462777,999001.8160008878,508104.2079927635,5709.254987364456,86.54240417480469
2026-03-10 03:00:00+00:00,997032.0826436395,988559.1944072105,508104.2079927635,5709.254987364456,85.63777160644531
2026-03-10 04:00:00+00:00,1002284.1947546278,999178.3961066068,508104.2079927635,5709.254987364456,86.55770111083984
2026-03-10 05:00:00+00:00,1001510.017905692,997539.9440932414,518198.08775963774,5592.867650364456,86.41576385498047
2026-03-10 06:00:00+00:00,1000969.3438792198,996424.0106670236,518198.08775963774,5592.867650364456,86.319091796875
2026-03-10 07:00:00+00:00,1002340.550559094,999254.136201828,518198.08775963774,5592.867650364456,86.56426239013672
2026-03-10 08:00:00+00:00,1003171.0832124958,1000968.3283104146,518198.08775963774,5592.867650364456,86.71276092529297
2026-03-10 09:00:00+00:00,1006183.2148676692,1007185.2690798987,518198.08775963774,5592.867650364456,87.25132751464844
2026-03-10 10:00:00+00:00,1005526.2645629129,1005829.3452356838,518198.08775963774,5592.867650364456,87.13386535644531
2026-03-10 11:00:00+00:00,1003776.4879230623,1002217.8637418073,518198.08775963774,5592.867650364456,86.82100677490234
2026-03-10 12:00:00+00:00,1002899.6581093161,1000408.1158154126,518198.08775963774,5592.867650364456,86.66423034667969
2026-03-10 13:00:00+00:00,1000782.2777493126,996037.912321152,518198.08775963774,5592.867650364456,86.28564453125
2026-03-10 14:00:00+00:00,1010648.7012464402,1016011.0157803608,518387.4660005459,5592.867650364456,88.0158920288086
2026-03-10 15:00:00+00:00,1010832.4391012259,1016390.2446757355,518387.4660005459,5592.867650364456,88.04874420166016
2026-03-10 16:00:00+00:00,1012903.6973645068,1020656.4376438841,528481.6974050234,5478.751480364455,88.41831970214844
2026-03-10 17:00:00+00:00,1010631.0136735667,1015867.9902982222,528481.6974050234,5478.751480364455,88.00350189208984
2026-03-10 18:00:00+00:00,1000667.1514765127,995344.9785197567,508772.4127085339,5704.740180364455,86.22561645507812
2026-03-10 19:00:00+00:00,999206.1871149862,992373.500830499,498867.7742121879,5820.040537364455,85.96820068359375
2026-03-10 20:00:00+00:00,1000703.336062117,995342.9529125589,498867.7742121879,5820.040537364455,86.2254409790039
2026-03-10 21:00:00+00:00,997781.4600895203,989547.6907197246,498867.7742121879,5820.040537364455,85.72340393066406
2026-03-10 22:00:00+00:00,996557.1699459639,987119.4280389833,498867.7742121879,5820.040537364455,85.51304626464844
2026-03-10 23:00:00+00:00,998428.7726425728,990831.5734036013,498867.7742121879,5820.040537364455,85.83462524414062
2026-03-11 00:00:00+00:00,1000065.7478504775,994078.3575320002,498867.7742121879,5820.040537364455,86.11589050292969
2026-03-11 01:00:00+00:00,1000097.2298507596,994140.7990756185,498867.7742121879,5820.040537364455,86.12129974365234
2026-03-11 02:00:00+00:00,998295.1628557615,990566.5711402055,498867.7742121879,5820.040537364455,85.8116683959961
2026-03-11 03:00:00+00:00,997252.7933823832,988499.1307503025,498867.7742121879,5820.040537364455,85.632568359375
2026-03-11 04:00:00+00:00,1002571.9637319008,999049.1975953401,498867.7742121879,5820.040537364455,86.5465087890625
2026-03-11 05:00:00+00:00,998339.4770468292,990454.7223949371,508961.7230020334,5703.571868364455,85.8019790649414
2026-03-11 06:00:00+00:00,999757.608750073,993286.5212574265,499057.1076954565,5818.898819364455,86.04729461669922
2026-03-11 07:00:00+00:00,996634.1770077085,987090.276909311,499057.1076954565,5818.898819364455,85.5105209350586
2026-03-11 08:00:00+00:00,995974.1613770055,985780.9420306447,499057.1076954565,5818.898819364455,85.3970947265625
2026-03-11 09:00:00+00:00,992498.0531940754,978935.5346105814,489152.3441947795,5935.394625364455,84.80408477783203
2026-03-11 10:00:00+00:00,995909.3926358523,985570.1027423198,489152.3441947795,5935.394625364455,85.37882995605469
2026-03-11 11:00:00+00:00,990757.990679776,975551.3614722465,489152.3441947795,5935.394625364455,84.51091766357422
2026-03-11 12:00:00+00:00,994895.1335353662,983597.5136111997,489152.3441947795,5935.394625364455,85.20794677734375
2026-03-11 13:00:00+00:00,998618.914564895,990665.033263993,509439.91227385076,5700.045133364456,85.82019805908203
2026-03-11 14:00:00+00:00,1003241.2862176541,1000026.0686839366,509439.91227385076,5700.045133364456,86.63113403320312
2026-03-11 15:00:00+00:00,996621.9014187722,986706.2041706372,499535.34327765746,5815.425310364456,85.47724914550781
2026-03-11 16:00:00+00:00,1002092.4085439958,997565.0440085181,499535.34327765746,5815.425310364456,86.41793823242188
2026-03-11 17:00:00+00:00,1006428.6536403417,1006233.6740463353,519823.5622961162,5582.325078364455,87.16889190673828
2026-03-11 18:00:00+00:00,1009915.2643774962,1013443.5146222418,519823.5622961162,5582.325078364455,87.79347229003906
2026-03-11 19:00:00+00:00,1006622.692588836,1006634.9204112511,519823.5622961162,5582.325078364455,87.20365142822266
2026-03-11 20:00:00+00:00,1007031.2135708281,1007479.6866826015,519823.5622961162,5582.325078364455,87.2768325805664
2026-03-11 21:00:00+00:00,1008468.8309339581,1010452.4854200317,519823.5622961162,5582.325078364455,87.53436279296875
2026-03-11 22:00:00+00:00,1005329.4971033053,1003960.7666306754,519823.5622961162,5582.325078364455,86.97199249267578
2026-03-11 23:00:00+00:00,1003303.2875623561,999785.7259864267,509919.1725600882,5696.597732364456,86.61031341552734
2026-03-12 00:00:00+00:00,1003840.2555264016,1000873.8293311445,509919.1725600882,5696.597732364456,86.70457458496094
2026-03-12 01:00:00+00:00,999991.6881298667,993075.1535498325,509919.1725600882,5696.597732364456,86.02898406982422
2026-03-12 02:00:00+00:00,995644.4421587889,984389.0856761389,500014.64993014646,5812.031184364456,85.27651977539062
2026-03-12 03:00:00+00:00,993724.9453627018,980575.8360913884,490109.9799727978,5928.635661364456,84.94618225097656
2026-03-12 04:00:00+00:00,994613.7069754807,982306.3211274353,490109.9799727978,5928.635661364456,85.0960922241211
2026-03-12 05:00:00+00:00,994807.8875242954,982684.4051143939,490109.9799727978,5928.635661364456,85.12884521484375
2026-03-12 06:00:00+00:00,996141.6858060209,985281.4096816978,490109.9799727978,5928.635661364456,85.35382080078125
2026-03-12 07:00:00+00:00,998805.0561318187,990491.9759534005,500203.8704190397,5810.850031364455,85.80520629882812
2026-03-12 08:00:00+00:00,999731.6657548163,992332.7244769089,500203.8704190397,5810.850031364455,85.96466827392578
2026-03-12 09:00:00+00:00,1000693.65332524,994243.7527631924,500203.8704190397,5810.850031364455,86.13021850585938
2026-03-12 10:00:00+00:00,1004273.2680709804,1001401.9843904948,510297.95776201395,5694.218354364455,86.75032806396484
2026-03-12 11:00:00+00:00,1004561.7325017741,1001986.7683815046,510297.95776201395,5694.218354364455,86.80098724365234
2026-03-12 12:00:00+00:00,1007141.2300985814,1007216.0054673781,510297.95776201395,5694.218354364455,87.25399017333984
2026-03-12 13:00:00+00:00,1003528.802332863,999704.7897683938,520392.22666393337,5578.731578364455,86.60330200195312
2026-03-12 14:00:00+00:00,997264.3375623482,987059.5405218316,500683.1204462487,5807.433692364455,85.50785827636719
2026-03-12 15:00:00+00:00,1003891.8287792348,1000266.7636609591,510777.2540213653,5690.747578364455,86.65198516845703
2026-03-12 16:00:00+00:00,1005248.6087308942,1003018.9473535882,510777.2540213653,5690.747578364455,86.8904037475586
2026-03-12 17:00:00+00:00,1003936.8521651507,1000358.0921246153,510777.2540213653,5690.747578364455,86.65989685058594
2026-03-12 18:00:00+00:00,999891.3902273665,992152.0050869161,510777.2540213653,5690.747578364455,85.94901275634766
2026-03-12 19:00:00+00:00,1005020.148695514,1002555.5236546886,510777.2540213653,5690.747578364455,86.85025787353516
2026-03-12 20:00:00+00:00,1003044.8507537318,998548.6964777333,510777.2540213653,5690.747578364455,86.5031509399414
2026-03-12 21:00:00+00:00,1003030.9573270269,998520.5141167208,510777.2540213653,5690.747578364455,86.5007095336914
2026-03-12 22:00:00+00:00,1001080.5373024383,994564.1509799535,510777.2540213653,5690.747578364455,86.15797424316406
2026-03-12 23:00:00+00:00,1005197.5938047117,1002915.4652467454,510777.2540213653,5690.747578364455,86.88143920898438
2026-03-13 00:00:00+00:00,1021256.5782266534,1036549.439787505,551755.0217139523,5228.586978364456,89.79511260986328
2026-03-13 01:00:00+00:00,1024772.6067061152,1044312.0069187696,551755.0217139523,5228.586978364456,90.46757507324219
2026-03-13 02:00:00+00:00,1017420.2652863662,1028079.7596044606,551755.0217139523,5228.586978364456,89.06139373779297
2026-03-13 03:00:00+00:00,1021001.8464347129,1035842.5028754815,541851.172213327,5339.685744364456,89.73387145996094
2026-03-13 04:00:00+00:00,1018564.0097142195,1030572.3132962618,541851.172213327,5339.685744364456,89.2773208618164
2026-03-13 05:00:00+00:00,1017486.637512716,1028243.2172983332,541851.172213327,5339.685744364456,89.07555389404297
2026-03-13 06:00:00+00:00,1014687.0015590095,1022190.8791311377,541851.172213327,5339.685744364456,88.5512466430664
2026-03-13 07:00:00+00:00,1014844.5376061704,1022531.4453499985,541851.172213327,5339.685744364456,88.58074951171875
2026-03-13 08:00:00+00:00,1017769.2002288027,1028854.0699732796,541851.172213327,5339.685744364456,89.12847137451172
2026-03-13 09:00:00+00:00,1020000.5331419369,1033677.8333400853,541851.172213327,5339.685744364456,89.54634857177734
2026-03-13 10:00:00+00:00,1023116.5714577675,1040460.0065876269,551946.0099850192,5227.452299364456,90.13388061523438
2026-03-13 11:00:00+00:00,1024348.7349922284,1043180.9254735077,551946.0099850192,5227.452299364456,90.36959075927734
2026-03-13 12:00:00+00:00,1027983.4580059136,1051265.0357299496,562039.8603981277,5116.328841364456,91.06990814208984
2026-03-13 13:00:00+00:00,1032166.3244402932,1060741.35462041,572133.8425478749,5006.293630364456,91.89083099365234
2026-03-13 14:00:00+00:00,1025963.9547217112,1046439.9513149713,572133.8425478749,5006.293630364456,90.65191650390625
2026-03-13 15:00:00+00:00,1019960.0079722586,1032596.0710265953,572133.8425478749,5006.293630364456,89.45263671875
2026-03-13 16:00:00+00:00,1021064.2359175576,1035513.9141600512,552424.7121282853,5224.206028364456,89.70540618896484
2026-03-13 17:00:00+00:00,1016632.7947960976,1025776.8203603467,542519.8289263076,5335.3912623644555,88.86189270019531
2026-03-13 18:00:00+00:00,1016582.685950242,1025668.4063403266,542519.8289263076,5335.3912623644555,88.85250091552734
2026-03-13 19:00:00+00:00,1017038.6316711416,1026654.877045643,542519.8289263076,5335.3912623644555,88.93795776367188
2026-03-13 20:00:00+00:00,1016674.2740113102,1025866.5635661959,542519.8289263076,5335.3912623644555,88.86966705322266
2026-03-13 21:00:00+00:00,1015702.7485653044,1023764.5997840527,542519.8289263076,5335.3912623644555,88.68757629394531
2026-03-13 22:00:00+00:00,1012109.0151393625,1016029.7746644097,532615.9576830565,5447.700336364455,88.01751708984375
2026-03-13 23:00:00+00:00,1012800.3267825413,1017494.6409479138,532615.9576830565,5447.700336364455,88.14441680908203
2026-03-14 00:00:00+00:00,1011814.4606022851,1015405.6234378605,532615.9576830565,5447.700336364455,87.96344757080078
2026-03-14 01:00:00+00:00,1013563.0015046201,1019110.7232122255,532615.9576830565,5447.700336364455,88.28441619873047
2026-03-14 02:00:00+00:00,1013626.093615144,1019244.4132872786,532615.9576830565,5447.700336364455,88.2959976196289
2026-03-14 03:00:00+00:00,1014223.3489697091,1020509.9774364972,532615.9576830565,5447.700336364455,88.40563201904297
2026-03-14 04:00:00+00:00,1013548.9533271779,1019080.955593406,532615.9576830565,5447.700336364455,88.2818374633789
2026-03-14 05:00:00+00:00,1012550.9092889614,1016966.1336090508,532615.9576830565,5447.700336364455,88.0986328125
2026-03-14 06:00:00+00:00,1008239.674296665,1007827.5627013497,522711.98394969583,5561.156201364455,87.30696868896484
2026-03-14 07:00:00+00:00,1008516.6459434126,1008402.4828660052,522711.98394969583,5561.156201364455,87.35677337646484
2026-03-14 08:00:00+00:00,1007448.0479202836,1006184.3549145634,522711.98394969583,5561.156201364455,87.16461944580078
2026-03-14 09:00:00+00:00,1005812.1417034257,1002788.644622189,522711.98394969583,5561.156201364455,86.87045288085938
2026-03-14 10:00:00+00:00,1004897.8552426773,1000890.8268176302,522711.98394969583,5561.156201364455,86.70604705810547
2026-03-14 11:00:00+00:00,1006334.1789493789,1003872.2564031205,522711.98394969583,5561.156201364455,86.96432495117188
2026-03-14 12:00:00+00:00,1006956.3044481934,1005163.6250266412,522711.98394969583,5561.156201364455,87.0761947631836
2026-03-14 13:00:00+00:00,1007280.5411706881,1005836.6550355714,522711.98394969583,5561.156201364455,87.1344985961914
2026-03-14 14:00:00+00:00,1005460.538756643,1002058.8095418429,522711.98394969583,5561.156201364455,86.8072280883789
2026-03-14 15:00:00+00:00,1005250.3067545543,1001622.4232955396,522711.98394969583,5561.156201364455,86.76942443847656
2026-03-14 16:00:00+00:00,1007041.7549531795,1005340.9977612636,522711.98394969583,5561.156201364455,87.09156036376953
2026-03-14 17:00:00+00:00,1006087.4162199849,1003360.0419917179,522711.98394969583,5561.156201364455,86.91995239257812
2026-03-14 18:00:00+00:00,1006780.6514736935,1004799.0157310417,522711.98394969583,5561.156201364455,87.04460906982422
2026-03-14 19:00:00+00:00,1006480.3867151099,1004175.7452032741,522711.98394969583,5561.156201364455,86.99061584472656
2026-03-14 20:00:00+00:00,1007166.3667372632,1005599.6589934317,522711.98394969583,5561.156201364455,87.11396789550781
2026-03-14 21:00:00+00:00,1008142.5135933788,1007625.8826803539,522711.98394969583,5561.156201364455,87.28949737548828
2026-03-14 22:00:00+00:00,1008228.0913831291,1007803.5196246109,522711.98394969583,5561.156201364455,87.30488586425781
2026-03-14 23:00:00+00:00,1012531.3519818955,1016736.623506555,532806.647514585,5446.543021364455,88.07875061035156
2026-03-15 00:00:00+00:00,1010786.5899550626,1013038.7454621996,532806.647514585,5446.543021364455,87.75840759277344
2026-03-15 01:00:00+00:00,1010673.7297648921,1012799.5476731057,532806.647514585,5446.543021364455,87.73768615722656
2026-03-15 02:00:00+00:00,1013735.831169039,1019289.4169950205,532806.647514585,5446.543021364455,88.29989624023438
2026-03-15 03:00:00+00:00,1010919.3959814929,1013320.2167928121,532806.647514585,5446.543021364455,87.78279113769531
2026-03-15 04:00:00+00:00,1013550.5842147754,1018896.8014781649,532806.647514585,5446.543021364455,88.26588439941406
2026-03-15 05:00:00+00:00,1014325.6046149484,1020539.392775804,532806.647514585,5446.543021364455,88.4081802368164
2026-03-15 06:00:00+00:00,1013941.6472669457,1019725.6271015675,532806.647514585,5446.543021364455,88.33768463134766
2026-03-15 07:00:00+00:00,1013152.1245816587,1018052.2994164489,532806.647514585,5446.543021364455,88.1927261352539
2026-03-15 08:00:00+00:00,1014447.7728620402,1020798.3182176065,532806.647514585,5446.543021364455,88.43061065673828
2026-03-15 09:00:00+00:00,1015201.3099344082,1022395.377388235,532806.647514585,5446.543021364455,88.56896209716797
2026-03-15 10:00:00+00:00,1014714.2159914117,1021363.022276395,532806.647514585,5446.543021364455,88.47953033447266
2026-03-15 11:00:00+00:00,1015257.7400294933,1022514.9762827818,532806.647514585,5446.543021364455,88.5793228149414
2026-03-15 12:00:00+00:00,1013776.3461489419,1019375.2851262306,532806.647514585,5446.543021364455,88.30733489990234
2026-03-15 13:00:00+00:00,1010660.9727404509,1012772.5102205094,532806.647514585,5446.543021364455,87.73534393310547
2026-03-15 14:00:00+00:00,1011985.0853913282,1015578.8568882094,532806.647514585,5446.543021364455,87.97845458984375
2026-03-15 15:00:00+00:00,1012176.6900808996,1015984.9470964242,532806.647514585,5446.543021364455,88.01363372802734
2026-03-15 16:00:00+00:00,1009944.2523575126,1011253.4809619344,532806.647514585,5446.543021364455,87.60375213623047
2026-03-15 17:00:00+00:00,1014865.9290084634,1021684.5654015723,532806.647514585,5446.543021364455,88.50738525390625
2026-03-15 18:00:00+00:00,1011836.9044494475,1015264.7997026761,532806.647514585,5446.543021364455,87.95124816894531
2026-03-15 19:00:00+00:00,1013120.9592125027,1017986.2470078259,532806.647514585,5446.543021364455,88.18700408935547
2026-03-15 20:00:00+00:00,1016388.8767145562,1024912.3264362876,532806.647514585,5446.543021364455,88.78700256347656
2026-03-15 21:00:00+00:00,1022457.5390970723,1038028.309181637,553096.0890101395,5219.579791364456,89.92322540283203
2026-03-15 22:00:00+00:00,1035643.1272983974,1067844.630643738,573384.1152575519,4997.060877364455,92.50617980957031
2026-03-15 23:00:00+00:00,1034324.8566454928,1064799.3503965787,573384.1152575519,4997.060877364455,92.24237060546875
2026-03-16 00:00:00+00:00,1033697.0866765478,1063241.7465313678,583478.3347133667,4887.973935364455,92.10743713378906
2026-03-16 01:00:00+00:00,1033878.6514099028,1063558.5338831241,573573.8386933933,4995.988624364455,92.13488006591797
2026-03-16 02:00:00+00:00,1031166.4812243052,1057291.9217023556,573573.8386933933,4995.988624364455,91.59201049804688
2026-03-16 03:00:00+00:00,1039356.8498755209,1076352.1808743929,593862.6525835873,4777.767130364456,93.24317932128906
2026-03-16 04:00:00+00:00,1040848.5898508248,1079956.352568382,593862.6525835873,4777.767130364456,93.55540466308594
2026-03-16 05:00:00+00:00,1043647.9898758319,1086719.9430716308,593862.6525835873,4777.767130364456,94.14132690429688
2026-03-16 06:00:00+00:00,1040839.4405317504,1079934.2470289627,593862.6525835873,4777.767130364456,93.5534896850586
2026-03-16 07:00:00+00:00,1041140.4203229753,1080661.440012964,593862.6525835873,4777.767130364456,93.61648559570312
2026-03-16 08:00:00+00:00,1037740.5187743352,1072446.9863368392,593862.6525835873,4777.767130364456,92.90487670898438
2026-03-16 09:00:00+00:00,1039848.179245258,1077539.2747621674,593862.6525835873,4777.767130364456,93.34601593017578
2026-03-16 10:00:00+00:00,1040255.9618448017,1078524.5124891894,593862.6525835873,4777.767130364456,93.43136596679688
